Objekt	Knr/gnr/bnr/f/S	Gnr	Bnr	Address	Bydel	Navn	Kommunal forvalter	Tomteareal	Byggareal	lat	lng
Bygg	0301-2/165/0/0	2	165	FREDRIKSBORGVEIEN 13A, OSLO, NORWAY	Frogner	KOMMUNALE BOLIGER	Boligbygg Oslo KF		362.0	59.9030389	10.6863272
Bygg	0301-2/165/0/0	2	165	FREDRIKSBORGVEIEN 13B, OSLO, NORWAY	Frogner	KOMMUNALE BOLIGER	Boligbygg Oslo KF		330.0	59.90316989999999	10.6859342
Bygg	0301-11/11/0/0	11	11	SØRKEDALSVEIEN 169A, OSLO, NORWAY	Vestre Aker	Kommunale boliger	Boligbygg Oslo KF		494.0	59.946474	10.6492528
Bygg	0301-27/1212/0/0	27	1212	GRAVDALSVEIEN 10D, OSLO, NORWAY	Vestre Aker	MØLLEPLASSEN	Boligbygg Oslo KF		128.0	59.9549063	10.6323314
Bygg	0301-28/1044/0/0	28	1044	VÆKERØVEIEN 119C, OSLO, NORWAY	Ullern	KOMMUNALE BOLIGER	Boligbygg Oslo KF		203.0	59.9345987	10.6401134
Bygg	0301-28/99/0/0	28	99	BLOKKAVEIEN 1A, OSLO, NORWAY	Ullern	KOMMUNALE BOLIGER	Boligbygg Oslo KF		408.0	59.9230984	10.6521039
Bygg	0301-28/99/0/0	28	99	BLOKKAVEIEN 1B, OSLO, NORWAY	Ullern	KOMMUNALE BOLIGER	Boligbygg Oslo KF		455.0	59.92303969999999	10.6525057
Bygg	0301-29/139/0/0	29	139	ULLERNCHAUSSÉEN 50B, OSLO, NORWAY	Ullern	KOMMUNALE BOLIGER	Boligbygg Oslo KF		416.0	59.93171539999999	10.6677268
Bygg	0301-29/748/0/0	29	748	GRÅBRØDREVEIEN 16E, OSLO, NORWAY	Ullern	KOMMUNALE BOLIGER	Boligbygg Oslo KF		179.0	59.92992449999999	10.6671365
Bygg	0301-31/325/0/0	31	325	HOVSETERVEIEN 86A, OSLO, NORWAY	Vestre Aker	KOMMUNALE BOLIGER	Boligbygg Oslo KF		2835.0	59.95045529999999	10.6543593
Bygg	0301-31/327/0/0	31	327	HOVSETERVEIEN 104A, OSLO, NORWAY	Vestre Aker	KOMMUNALE BOLIGER	Boligbygg Oslo KF		2839.0	59.95168990000001	10.6538926
Bygg	0301-31/329/0/0	31	329	HOVSETERVEIEN 94A, OSLO, NORWAY	Vestre Aker	KOMMUNALE BOLIGER	Boligbygg Oslo KF		1866.0	59.95148620000001	10.6548652
Bygg	0301-31/329/0/0	31	329	HOVSETERVEIEN 92A, OSLO, NORWAY	Vestre Aker	KOMMUNALE BOLIGER	Boligbygg Oslo KF		1866.0	59.95121270000001	10.6546546
Bygg	0301-33/1547/0/0	33	1547	DALSVEIEN 31B, OSLO, NORWAY	Vestre Aker	FAGERHOLT BOSENTER	Boligbygg Oslo KF		324.0	59.94662159999999	10.6895648
Bygg	0301-33/1719/0/0	33	1719	FROGNERSETERVEIEN 68A, OSLO, NORWAY	Vestre Aker	KOMMUNALE BOLIGER	Boligbygg Oslo KF		522.0	59.9575498	10.6877305
Bygg	0301-42/146/0/0	42	146	SOGNSVANNSVEIEN 34A, OSLO, NORWAY	Nordre Aker	KOMMUNALE BOLIGER	Boligbygg Oslo KF		296.0	59.95294939999999	10.7156697
Bygg	0301-47/376/0/0	47	376	NEDRE ULLEVÅL 20, OSLO, NORWAY	St. Hanshaugen	KOMMUNALE BOLIGER	Boligbygg Oslo KF		260.0	59.94038199999999	10.7357166
Bygg	0301-47/376/0/0	47	376	NEDRE ULLEVÅL 18, OSLO, NORWAY	St. Hanshaugen	KOMMUNALE BOLIGER	Boligbygg Oslo KF		260.0	59.9402899	10.7359256
Bygg	0301-50/299/0/0	50	299	MINISTER DITLEFFS VEI 22, OSLO, NORWAY	Nordre Aker	KRINGSJÅ TRYGDEBOLIG	Boligbygg Oslo KF		3522.0	59.9628089	10.7382634
Bygg	0301-50/435/0/0	50	435	NILS BAYS VEI 59A, OSLO, NORWAY	Nordre Aker	NORDBERG KAPELLANBOLIG	Boligbygg Oslo KF		106.0	59.951168	10.7330919
Bygg	0301-52/1156/0/0	52	1156	CARL KJELSENS VEI 35C, OSLO, NORWAY	Nordre Aker	KOMMUNALE BOLIGER	Boligbygg Oslo KF		424.0	59.9604404	10.7495604
Bygg	0301-52/1161/0/0	52	1161	GUNNAR JOHNSONS VEI 11A, OSLO, NORWAY	Nordre Aker	KOMMUNALE BOLIGER	Boligbygg Oslo KF		122.0	59.9564173	10.7480504
Bygg	0301-54/312/0/0	54	312	ØSTHELLINGA 3, OSLO, NORWAY	Nordre Aker	KOMMUNALE BOLIGER	Boligbygg Oslo KF		95.0	59.94775119999999	10.7464376
Bygg	0301-54/358/0/0	54	358	ÅMOTVEIEN 8B, OSLO, NORWAY	Nordre Aker	KOMMUNALE BOLIGER	Boligbygg Oslo KF		139.0	59.9602635	10.7557873
Bygg	0301-54/358/0/0	54	358	ÅMOTVEIEN 8A, OSLO, NORWAY	Nordre Aker	KOMMUNALE BOLIGER	Boligbygg Oslo KF		139.0	59.9602401	10.7558979
Bygg	0301-54/362/0/0	54	326	ÅMOTVEIEN 12A, OSLO, NORWAY	Nordre Aker	KOMMUNALE BOLIGER	Boligbygg Oslo KF		136.0	59.96075019999999	10.7561015
Bygg	0301-75/1398/0/0	75	1398	KJELSÅSVEIEN 28E, OSLO, NORWAY	Nordre Aker	KOMMUNALE BOLIGER	Boligbygg Oslo KF		358.0	59.9454665	10.7903419
Bygg	0301-77/27/0/0	77	27	OTHILIE TONNINGS VEI 8A, OSLO, NORWAY	Nordre Aker	Kommunale boliger	Boligbygg Oslo KF		1949.0	59.95229779999999	10.7737127
Bygg	0301-77/27/0/0	77	27	OTHILIE TONNINGS VEI 10A, OSLO, NORWAY	Nordre Aker	Kommunale boliger	Boligbygg Oslo KF		1523.0	59.9524042	10.7731074
Bygg	0301-77/330/0/0	77	330	OTHILIE TONNINGS VEI 12B, OSLO, NORWAY	Nordre Aker	KOMMUNALE BOLIGER	Boligbygg Oslo KF		276.0	59.95253100000001	10.7720158
Bygg	0301-77/331/0/0	77	331	OTHILIE TONNINGS VEI 12A, OSLO, NORWAY	Nordre Aker	KOMMUNALE BOLIGER	Boligbygg Oslo KF		276.0	59.9524781	10.7723273
Bygg	0301-79/62/0/0	79	62	KYRRE GREPPS GATE 7, OSLO, NORWAY	Sagene	KOMMUNALE BOLIGER	Boligbygg Oslo KF		1640.0	59.9408018	10.7766478
Bygg	0301-91/35/0/0	91	35	TRONDHEIMSVEIEN 387A, OSLO, NORWAY	Grorud	KALBAKKEN TRYGDEBOLIG	Boligbygg Oslo KF		5014.0	59.9511516	10.865646
Bygg	0301-91/35/0/0	91	35	TRONDHEIMSVEIEN 387B, OSLO, NORWAY	Grorud	KALBAKKEN TRYGDEBOLIG	Boligbygg Oslo KF		1014.0	59.9511516	10.865646
Bygg	0301-93/237/0/0	93	237	TRONDHEIMSVEIEN 405A, OSLO, NORWAY	Grorud	Kommunale boliger	Boligbygg Oslo KF		2287.0	59.9542267	10.8685357
Bygg	0301-97/55/0/0	97	55	TRONDHEIMSVEIEN 593B, OSLO, NORWAY	Stovner	KOMMUNALE BOLIGER	Boligbygg Oslo KF		122.0	59.97007250000001	10.913639
Bygg	0301-99/105/0/0	99	105	STOVNER SENTER 14A, OSLO, NORWAY	Stovner	STOVNER BO- OG DAGTILBUD	Boligbygg Oslo KF		10723.0	59.9624779	10.9264997
Bygg	0301-99/190/0/0	99	15	MARTHA TYNES` VEI 35, OSLO, NORWAY	Stovner	KOMMUNALE BOLIGER	Boligbygg Oslo KF		135.0	59.9692514	10.9228331
Bygg	0301-99/376/0/0	99	33	JACOBINE RYES VEI 64, OSLO, NORWAY	Stovner	KOMMUNALE BOLIGER	Boligbygg Oslo KF		135.0	59.9645691	10.9211499
Bygg	0301-104/124/0/0	104	124	BEKKENSTENVEIEN 27C, OSLO, NORWAY	Grorud	Kommunale boliger	Boligbygg Oslo KF		378.0	59.95446339999999	10.8919187
Bygg	0301-104/124/0/0	104	124	BEKKENSTENVEIEN 29, OSLO, NORWAY	Grorud	Kommunale boliger	Boligbygg Oslo KF		378.0	59.9546642	10.8925929
Bygg	0301-104/124/0/0	104	124	BEKKENSTENVEIEN 31A, OSLO, NORWAY	Grorud	Kommunale boliger	Boligbygg Oslo KF		350.0	59.9549525	10.8928979
Bygg	0301-104/124/0/0	104	124	BEKKENSTENVEIEN 27A, OSLO, NORWAY	Grorud	Kommunale boliger	Boligbygg Oslo KF		192.0	59.95431289999999	10.8914174
Bygg	0301-104/124/0/0	104	124	BEKKENSTENVEIEN 31B, OSLO, NORWAY	Grorud	Kommunale boliger	Boligbygg Oslo KF		192.0	59.95488650000001	10.8925116
Bygg	0301-104/124/0/0	104	124	BEKKENSTENVEIEN 27B, OSLO, NORWAY	Grorud	Kommunale boliger	Boligbygg Oslo KF		192.0	59.9543717	10.8915715
Bygg	0301-104/124/0/0	104	124	BEKKENSTENVEIEN 31C, OSLO, NORWAY	Grorud	Kommunale boliger	Boligbygg Oslo KF		192.0	59.95500509999999	10.8925686
Bygg	0301-106/177/0/0	106	177	KRINGVEIEN 27B, OSLO, NORWAY	Stovner	KOMMUNALE BOLIGER	Boligbygg Oslo KF		235.0	59.94849010000001	10.9114605
Bygg	0301-123/1072/0/0	123	1072	KROKLIVEIEN 67D, OSLO, NORWAY	Bjerke	KOMMUNALE BOLIGER	Boligbygg Oslo KF		122.0	59.940994	10.8221412
Bygg	0301-123/291/0/0	123	291	NORDALVEIEN 19B, OSLO, NORWAY	Bjerke	KOMMUNALE BOLIGER	Boligbygg Oslo KF		156.0	59.9328452	10.8146936
Bygg	0301-123/291/0/0	123	291	NORDALVEIEN 19A, OSLO, NORWAY	Bjerke	KOMMUNALE BOLIGER	Boligbygg Oslo KF		156.0	59.932858	10.8145307
Bygg	0301-123/291/0/0	123	291	NORDALVEIEN 19C, OSLO, NORWAY	Bjerke	KOMMUNALE BOLIGER	Boligbygg Oslo KF		156.0	59.93284139999999	10.8148554
Bygg	0301-124/58/0/0	124	58	LØRENFARET 2A, OSLO, NORWAY	Grünerløkka	KOMMUNALE BOLIGER	Boligbygg Oslo KF		127.0	59.9313001	10.7989261
Bygg	0301-132/72/0/0	132	72	AGMUND BOLTS VEI 53, OSLO, NORWAY	Alna	KOMMUNALE BOLIGER	Boligbygg Oslo KF		4931.0	59.915854	10.8121463
Bygg	0301-141/133/0/0	141	133	HAUGERUDSENTERET 41, OSLO, NORWAY	Alna	OMSORGSBOLIGER D H41-43	Boligbygg Oslo KF		582.0	59.9215849	10.8569477
Bygg	0301-141/133/0/0	141	133	HAUGERUDSENTERET 35, OSLO, NORWAY	Alna	HAUGERUDSENTERET E H35-39	Boligbygg Oslo KF		1080.0	59.92171519999999	10.8565196
Bygg	0301-141/133/0/0	141	133	HAUGERUDSENTERET 29, OSLO, NORWAY	Alna	HAUGERUDSENTERET F H29-31	Boligbygg Oslo KF		904.0	59.92183610000001	10.8560747
Bygg	0301-141/133/0/0	141	133	HAUGERUDSENTERET 21, OSLO, NORWAY	Alna	OMSORGSBOLIGER  H.21-27	Boligbygg Oslo KF		1206.0	59.922098	10.855827
Bygg	0301-141/133/0/0	141	133	HAUGERUDSENTERET 17, OSLO, NORWAY	Alna	HAUGERUDSENTERET A H17-19	Boligbygg Oslo KF		468.0	59.92199120000001	10.8564314
Bygg	0301-141/358/0/0	141	358	JOHAN CASTBERGS VEI 1B, OSLO, NORWAY	Alna	KOMMUNALE BOLIGER	Boligbygg Oslo KF		325.0	59.92124099999999	10.8617367
Bygg	0301-141/71/0/0	141	71	SIGRID UNDSETS VEI 102B, OSLO, NORWAY	Alna	KOMMUNALE BOLIGER	Boligbygg Oslo KF		102.0	59.9198811	10.8485285
Bygg	0301-141/71/0/0	141	71	SIGRID UNDSETS VEI 102A, OSLO, NORWAY	Alna	KOMMUNALE BOLIGER	Boligbygg Oslo KF		102.0	59.91990629999999	10.8484717
Bygg	0301-144/1841/0/0	144	1841	FAGERLIA 6B, OSLO, NORWAY	Østensjø	KOMMUNALE BOLIGER	Boligbygg Oslo KF		188.0	59.9071982	10.814293
Bygg	0301-144/1955/0/0	144	1955	LÅVEVEIEN 15B, OSLO, NORWAY	Østensjø	OPPSAL KAPELLANBOLIG	Boligbygg Oslo KF		160.0	59.9069503	10.8345355
Bygg	0301-145/375/0/0	145	375	ULSRUDVEIEN 52, OSLO, NORWAY	Østensjø	Kommunale boliger	Boligbygg Oslo KF		612.0	59.8912451	10.8499782
Bygg	0301-145/401/0/0	145	401	HELLERUDVEIEN 132F, OSLO, NORWAY	Østensjø	KOMMUNALE BOLIGER	Boligbygg Oslo KF		112.0	59.8945808	10.8565405
Bygg	0301-149/987/0/0	149	987	SOLFJELLSHØGDA 19, OSLO, NORWAY	Nordstrand	RYEN TRYGDEBOLIGER B	Boligbygg Oslo KF		590.0	59.89914779999999	10.7983942
Bygg	0301-151/339/0/0	151	339	STAMHUSVEIEN 43D, OSLO, NORWAY	Nordstrand	KOMMUNALE BOLIGER	Boligbygg Oslo KF		263.0	59.8971562	10.7813935
Bygg	0301-151/346/0/0	151	346	STAMHUSVEIEN 43B, OSLO, NORWAY	Nordstrand	KOMMUNALE BOLIGER	Boligbygg Oslo KF		97.0	59.89751519999999	10.7808111
Bygg	0301-151/346/0/0	151	346	STAMHUSVEIEN 43A, OSLO, NORWAY	Nordstrand	KOMMUNALE BOLIGER	Boligbygg Oslo KF		120.0	59.8974558	10.7806396
Bygg	0301-151/346/0/0	151	346	STAMHUSVEIEN 43C, OSLO, NORWAY	Nordstrand	KOMMUNALE BOLIGER	Boligbygg Oslo KF		97.0	59.8974504	10.781034
Bygg	0301-152/274/0/0	152	274	SANDSTUVEIEN 5D, OSLO, NORWAY	Nordstrand	KOMMUNALE BOLIGER	Boligbygg Oslo KF		189.0	59.8855116	10.7824963
Bygg	0301-159/1/0/0	159	1	STEINSPRANGET 2, OSLO, NORWAY	Nordstrand	SETERBRÅTEN HUSMANNSPLASS	Boligbygg Oslo KF		59.0	59.87199380000001	10.8240907
Bygg	0301-159/358/0/0	159	358	RADARVEIEN 76B, OSLO, NORWAY	Nordstrand	KOMMUNALE BOLIGER	Boligbygg Oslo KF		396.0	59.87396390000001	10.8088564
Bygg	0301-160/326/0/0	160	326	ØSTERLIVEIEN 26D, OSLO, NORWAY	Nordstrand	KOMMUNALE BOLIGER	Boligbygg Oslo KF		61.0	59.8833011	10.8118112
Bygg	0301-160/326/0/0	160	326	ØSTERLIVEIEN 26C, OSLO, NORWAY	Nordstrand	KOMMUNALE BOLIGER	Boligbygg Oslo KF		316.0	59.88339970000001	10.8117987
Bygg	0301-160/383/0/0	160	838	ABILDSØVEIEN 34B, OSLO, NORWAY	Østensjø	KOMMUNALE BOLIGER	Boligbygg Oslo KF		270.0	59.883253	10.8173629
Bygg	0301-169/579/0/0	168	579	PASOPSVINGEN 17, OSLO, NORWAY	Søndre Nordstrand	KOMMUNALE BOLIGER	Boligbygg Oslo KF		155.0	59.84185240000001	10.8447206
Bygg	0301-173/10/0/0	173	10	ENEBAKKVEIEN 462C, OSLO, NORWAY	Søndre Nordstrand	KOMMUNALE BOLIGER	Boligbygg Oslo KF		130.0	59.8283072	10.8722527
Bygg	0301-173/38/0/0	173	38	ENEBAKKVEIEN 462B, OSLO, NORWAY	Søndre Nordstrand	KOMMUNALE BOLIGER	Boligbygg Oslo KF		75.0	59.82831059999999	10.8712165
Bygg	0301-173/47/0/0	173	47	ENEBAKKVEIEN 462A, OSLO, NORWAY	Søndre Nordstrand	KOMMUNALE BOLIGER	Boligbygg Oslo KF		84.0	59.82854849999999	10.8704906
Bygg	0301-173/8/0/0	173	8	ENEBAKKVEIEN 460C, OSLO, NORWAY	Søndre Nordstrand	LYSOPP GÅRD ENEBOLIG	Boligbygg Oslo KF		163.0	59.8313351	10.8641795
Bygg	0301-173/8/0/0	173	8	ENEBAKKVEIEN 460B, OSLO, NORWAY	Søndre Nordstrand	LYSOPP GÅRD TOMANNSBOLIG	Boligbygg Oslo KF		128.0	59.8313351	10.8641795
Bygg	0301-182/1452/0/0	182	1452	NORDSTRANDVEIEN 6, OSLO, NORWAY	Nordstrand	KOMMUNALE BOLIGER	Boligbygg Oslo KF		269.0	59.86415749999999	10.7859202
Bygg	0301-182/497/0/0	182	497	ROSENDALSVEIEN 21A, OSLO, NORWAY	Nordstrand	KOMMUNALE BOLIGER	Boligbygg Oslo KF		357.0	59.8567847	10.798258
Bygg	0301-183/549/0/0	183	549	TYSLEVVEIEN 46B, OSLO, NORWAY	Nordstrand	KOMMUNALE BOLIGER	Boligbygg Oslo KF		150.0	59.8632377	10.8043618
Bygg	0301-183/76/0/0	183	76	EKEBERGVEIEN 250 , OSLO, NORWAY	Nordstrand	NORDSTRAND KAPELLANBOLIG	Boligbygg Oslo KF		329.0	59.85674509999999	10.8018023
Bygg	0301-185/97/0/0	185	97	HERREGÅRDSVEIEN 38, OSLO, NORWAY	Nordstrand	LJAN STORE/ ØST	Boligbygg Oslo KF		762.0	59.8408066	10.7822477
Bygg	0301-187/329/0/0	187	329	BJØRNDALSJORDET 1M, OSLO, NORWAY	Søndre Nordstrand	Kommunale boliger	Boligbygg Oslo KF		505.0	59.83555639999999	10.8267798
Bygg	0301-187/329/0/0	187	329	BJØRNDALSJORDET 1N, OSLO, NORWAY	Søndre Nordstrand	Kommunale boliger	Boligbygg Oslo KF		428.0	59.83555639999999	10.8267798
Bygg	0301-189/162/0/0	189	162	NEDRE PRINSDALS VEI 19B, OSLO, NORWAY	Søndre Nordstrand	KOMMUNALE BOLIGER	Boligbygg Oslo KF		129.0	59.8435102	10.8035073
Bygg	0301-191/154/0/0	191	154	LIAKOLLVEIEN 20, OSLO, NORWAY	Søndre Nordstrand	Kommunale boliger	Boligbygg Oslo KF		1255.0	59.82739059999999	10.7999129
Bygg	0301-194/117/0/0	194	117	HERREGÅRDSVEIEN 4K, OSLO, NORWAY	Nordstrand	Kommunale boliger	Boligbygg Oslo KF		584.0	59.84797709999999	10.7899524
Bygg	0301-194/117/0/0	194	117	HERREGÅRDSVEIEN 4C, OSLO, NORWAY	Nordstrand	Kommunale boliger	Boligbygg Oslo KF		502.0	59.8479421	10.7894207
Bygg	0301-194/493/0/0	194	493	INGOLF RUUDS VEI 2    B, OSLO, NORWAY	Nordstrand	KOMMUNALE BOLIGER	Boligbygg Oslo KF		97.0	59.8487376	10.8010792
Bygg	0301-194/79/0/0	194	79	HERREGÅRDSVEIEN 4A, OSLO, NORWAY	Nordstrand	KOMMUNALE BOLIGER	Boligbygg Oslo KF		250.0	59.84814859999999	10.7894126
Bygg	0301-194/79/0/0	194	79	HERREGÅRDSVEIEN 4B, OSLO, NORWAY	Nordstrand	KOMMUNALE BOLIGER	Boligbygg Oslo KF		204.0	59.84834889999999	10.7892084
Bygg	0301-196/16/0/0	196	16	BRATTODDVEIEN 3   , OSLO, NORWAY	Nordstrand	UKJENT	Boligbygg Oslo KF		15.0	59.87037399999999	10.7521741
Bygg	0301-197/100/0/0	197	100	ORMSUNDVEIEN 22A, OSLO, NORWAY	Nordstrand	KOMMUNALE BOLIGER	Boligbygg Oslo KF		124.0	59.8802596	10.7659545
Bygg	0301-197/100/0/0	197	100	ORMSUNDVEIEN 22B, OSLO, NORWAY	Nordstrand	KOMMUNALE BOLIGER	Boligbygg Oslo KF		124.0	59.8803086	10.7663597
Bygg	0301-197/427/0/0	197	427	ALVHEIMVEIEN 5B, OSLO, NORWAY	Nordstrand	KOMMUNALE BOLIGER	Boligbygg Oslo KF		139.0	59.8797621	10.772851
Bygg	0301-197/50/0/0	197	50	MOSSEVEIEN 169B, OSLO, NORWAY	Nordstrand	KOMMUNALE BOLIGER ANNEKS	Boligbygg Oslo KF		28.0	59.8746725	10.77788
Bygg	0301-198/2/0/0	198	2	HEIMLIBAKKEN 3, OSLO, NORWAY	Nordstrand	ODDEN ANNEKS/TJENERBOLIG	Boligbygg Oslo KF		93.0	59.8793246	10.7620489
Bygg	0301-208/593/0/0	208	593	SCHANDORFFS GATE 4, OSLO, NORWAY	St. Hanshaugen	KOMMUNALE BOLIGER	Boligbygg Oslo KF		566.0	59.91738960000001	10.7462647
Bygg	0301-208/593/0/0	208	593	FREDENSBORGVEIEN 1B, OSLO, NORWAY	St. Hanshaugen	KOMMUNALE BOLIGER	Boligbygg Oslo KF		194.0	59.91753169999999	10.7462107
Bygg	0301-212/185/0/0	212	185	DRAMMENSVEIEN 110M, OSLO, NORWAY	Frogner	KOMMUNALE BOLIGER	Boligbygg Oslo KF		81.0	59.91951889999999	10.6925668
Bygg	0301-214/358/0/0	214	358	UNDERHAUGSVEIEN 5A, OSLO, NORWAY	Frogner	KOMMUNALE BOLIGER	Boligbygg Oslo KF		1251.0	59.92500379999999	10.728988
Bygg	0301-214/358/0/0	214	358	UNDERHAUGSVEIEN 5 B, OSLO, NORWAY	Frogner	KOMMUNALE BOLIGER BAKBYGN	Boligbygg Oslo KF		285.0	59.92531279999999	10.7285362
Bygg	0301-214/9/0/0	214	9	BERGSLIENS GATE 12A, OSLO, NORWAY	Frogner	Kommunale boliger	Boligbygg Oslo KF		656.0	59.92546549999999	10.7274239
Bygg	0301-216/265/0/0	216	265	PILESTREDET 84B, OSLO, NORWAY	St. Hanshaugen	KOMMUNALE BOLIGER	Boligbygg Oslo KF		555.0	59.92959539999999	10.7302777
Bygg	0301-217/268/0/0	217	268	SCHWENSENS GATE 6A, OSLO, NORWAY	St. Hanshaugen	Kommunale boliger	Boligbygg Oslo KF		2060.0	59.9234941	10.7376189
Bygg	0301-219/10/0/0	219	10	COLLETTS GATE 51B, OSLO, NORWAY	St. Hanshaugen	KOMMUNALE BOLIGER	Boligbygg Oslo KF		704.0	59.9303045	10.7441248
Bygg	0301-219/101/0/0	219	101	GEITMYRSVEIEN 37B, OSLO, NORWAY	St. Hanshaugen	KOMMUNALE BOLIGER	Boligbygg Oslo KF		600.0	59.9302846	10.7437869
Bygg	0301-219/11/0/0	219	11	COLLETTS GATE 51C, OSLO, NORWAY	St. Hanshaugen	KOMMUNALE BOLIGER	Boligbygg Oslo KF		706.0	59.9303753	10.7443664
Bygg	0301-219/12/0/0	219	12	COLLETTS GATE 51D, OSLO, NORWAY	St. Hanshaugen	KOMMUNALE BOLIGER	Boligbygg Oslo KF		706.0	59.9304365	10.7445915
Bygg	0301-219/13/0/0	219	13	COLLETTS GATE 51E, OSLO, NORWAY	St. Hanshaugen	KOMMUNALE BOLIGER	Boligbygg Oslo KF		706.0	59.9304983	10.7448344
Bygg	0301-219/14/0/0	219	14	COLLETTS GATE 51F, OSLO, NORWAY	St. Hanshaugen	KOMMUNALE BOLIGER	Boligbygg Oslo KF		704.0	59.9305202	10.7451016
Bygg	0301-219/20/0/0	219	20	COLLETTS GATE 55B, OSLO, NORWAY	St. Hanshaugen	KOMMUNALE BOLIGER	Boligbygg Oslo KF		704.0	59.9308207	10.744793
Bygg	0301-219/206/0/0	219	206	SØREN JAABÆKS GATE 3A, OSLO, NORWAY	Sagene	KOMMUNALE BOLIGER	Boligbygg Oslo KF		2101.0	59.9326486	10.7512773
Bygg	0301-219/207/0/0	219	207	SØREN JAABÆKS GATE 4A, OSLO, NORWAY	Sagene	KOMMUNALE BOLIGER	Boligbygg Oslo KF		3986.0	59.93153110000001	10.7503634
Bygg	0301-219/209/0/0	219	209	SØREN JAABÆKS GATE 6A, OSLO, NORWAY	Sagene	KOMMUNALE BOLIGER	Boligbygg Oslo KF		3869.0	59.93273989999999	10.7507639
Bygg	0301-219/21/0/0	219	21	COLLETTS GATE 55C, OSLO, NORWAY	St. Hanshaugen	KOMMUNALE BOLIGER	Boligbygg Oslo KF		706.0	59.9307589	10.7445501
Bygg	0301-219/22/0/0	219	22	COLLETTS GATE 55D, OSLO, NORWAY	St. Hanshaugen	KOMMUNALE BOLIGER	Boligbygg Oslo KF		704.0	59.9306803	10.7443453
Bygg	0301-219/44/0/0	219	44	EVALD RYGHS GATE 4B, OSLO, NORWAY	St. Hanshaugen	KOMMUNALE BOLIGER	Boligbygg Oslo KF		501.0	59.9292217	10.7462919
Bygg	0301-219/44/0/0	219	44	EVALD RYGHS GATE 4A, OSLO, NORWAY	St. Hanshaugen	KOMMUNALE BOLIGER	Boligbygg Oslo KF		896.0	59.9290805	10.7460375
Bygg	0301-221/1/0/0	221	1	ARENDALSGATA 3A, OSLO, NORWAY	Sagene	KOMMUNALE BOLIGER	Boligbygg Oslo KF		4489.0	59.93744419999999	10.7555547
Bygg	0301-221/166/0/0	221	166	MOGATA 3A, OSLO, NORWAY	Sagene	KOMMUNALE BOLIGER	Boligbygg Oslo KF		1217.0	59.93943739999999	10.7523965
Bygg	0301-221/178/0/0	221	178	SANDEFJORDGATA 1A, OSLO, NORWAY	Sagene	KOMMUNALE BOLIGER	Boligbygg Oslo KF		4670.0	59.9384757	10.7504589
Bygg	0301-221/49/0/0	221	49	DANNEVIGSVEIEN 7A, OSLO, NORWAY	Sagene	KOMMUNALE BOLIGER	Boligbygg Oslo KF		8280.0	59.93683189999999	10.7549701
Bygg	0301-221/60/0/0	221	60	DRØBAKGATA 3A, OSLO, NORWAY	Sagene	KOMMUNALE BOLIGER	Boligbygg Oslo KF		2586.0	59.9389376	10.7523195
Bygg	0301-221/96/0/0	221	96	HORTENGATA 6F, OSLO, NORWAY	Sagene	KOMMUNALE BOLIGER	Boligbygg Oslo KF		1125.0	59.93874409999999	10.7514217
Bygg	0301-222/103/0/0	222	103	MARIDALSVEIEN 171A, OSLO, NORWAY	Sagene	KOMMUNALE BOLIGER	Boligbygg Oslo KF		2420.0	59.939923	10.7599324
Bygg	0301-222/105/0/0	222	105	MARIDALSVEIEN 173A, OSLO, NORWAY	Sagene	KOMMUNALE BOLIGER	Boligbygg Oslo KF		1760.0	59.9401066	10.7606079
Bygg	0301-222/151/0/0	222	151	MARIDALSVEIEN 244C, OSLO, NORWAY	Sagene	VOLDSLØKKA GRUPPEBOLIG	Boligbygg Oslo KF		195.0	59.9456007	10.7599748
Bygg	0301-222/151/0/0	222	151	MARIDALSVEIEN 244A, OSLO, NORWAY	Sagene	VOLDSLØKKA GRUPPEBOLIG	Boligbygg Oslo KF		816.0	59.9453183	10.7599414
Bygg	0301-222/151/0/0	222	151	MARIDALSVEIEN 244B, OSLO, NORWAY	Sagene	VOLDSLØKKA GRUPPEBOLIG	Boligbygg Oslo KF		352.0	59.9455873	10.7596382
Bygg	0301-222/2/0/0	222	2	ÅLESUNDGATA 2A, OSLO, NORWAY	Sagene	KOMMUNALE BOLIGER	Boligbygg Oslo KF		2955.0	59.93973379999999	10.7618742
Bygg	0301-222/4/0/0	222	4	ÅLESUNDGATA 4A, OSLO, NORWAY	Sagene	KOMMUNALE BOLIGER	Boligbygg Oslo KF		3325.0	59.9396336	10.7625479
Bygg	0301-222/70/0/0	222	70	GJØVIKGATA 6A, OSLO, NORWAY	Sagene	KOMMUNALE BOLIGER	Boligbygg Oslo KF		2580.0	59.93962969999999	10.7605973
Bygg	0301-224/208/0/0	224	208	HAARKLOUS PLASS 4, OSLO, NORWAY	Sagene	KOMMUNALE BOLIGER	Boligbygg Oslo KF		621.0	59.9378243	10.7746438
Bygg	0301-224/208/0/0	224	208	HAARKLOUS PLASS 6, OSLO, NORWAY	Sagene	KOMMUNALE BOLIGER	Boligbygg Oslo KF		627.0	59.937741	10.7748514
Bygg	0301-224/208/0/0	224	208	HAARKLOUS PLASS 8, OSLO, NORWAY	Sagene	KOMMUNALE BOLIGER	Boligbygg Oslo KF		621.0	59.93761759999999	10.7752076
Bygg	0301-224/208/0/0	224	208	HAARKLOUS PLASS 10, OSLO, NORWAY	Sagene	KOMMUNALE BOLIGER	Boligbygg Oslo KF		888.0	59.9375271	10.77547
Bygg	0301-224/208/0/0	224	208	KYRRE GREPPS GATE 22, OSLO, NORWAY	Sagene	KOMMUNALE BOLIGER	Boligbygg Oslo KF		795.0	59.9381523	10.7761788
Bygg	0301-224/208/0/0	224	208	KYRRE GREPPS GATE 24, OSLO, NORWAY	Sagene	KOMMUNALE BOLIGER	Boligbygg Oslo KF		627.0	59.938005	10.776072
Bygg	0301-224/208/0/0	224	208	KYRRE GREPPS GATE 26, OSLO, NORWAY	Sagene	KOMMUNALE BOLIGER	Boligbygg Oslo KF		621.0	59.9378392	10.7759499
Bygg	0301-224/208/0/0	224	208	KYRRE GREPPS GATE 28, OSLO, NORWAY	Sagene	KOMMUNALE BOLIGER	Boligbygg Oslo KF		627.0	59.9376902	10.7757897
Bygg	0301-224/208/0/0	224	208	NORDKAPPGATA 6, OSLO, NORWAY	Sagene	KOMMUNALE BOLIGER	Boligbygg Oslo KF		540.0	59.938374	10.7746812
Bygg	0301-224/208/0/0	224	208	NORDKAPPGATA 8, OSLO, NORWAY	Sagene	KOMMUNALE BOLIGER	Boligbygg Oslo KF		462.0	59.93820650000001	10.7745053
Bygg	0301-224/208/0/0	224	208	NORDKAPPGATA 10, OSLO, NORWAY	Sagene	KOMMUNALE BOLIGER	Boligbygg Oslo KF		519.0	59.93810569999999	10.7744465
Bygg	0301-224/208/0/0	224	208	ROVERUDS GATE 5, OSLO, NORWAY	Sagene	KOMMUNALE BOLIGER	Boligbygg Oslo KF		624.0	59.9383366	10.7749189
Bygg	0301-224/208/0/0	224	208	ROVERUDS GATE 7, OSLO, NORWAY	Sagene	KOMMUNALE BOLIGER	Boligbygg Oslo KF		462.0	59.9383201	10.7752436
Bygg	0301-224/208/0/0	224	208	ROVERUDS GATE 9, OSLO, NORWAY	Sagene	KOMMUNALE BOLIGER	Boligbygg Oslo KF		462.0	59.93828389999999	10.7755171
Bygg	0301-224/208/0/0	224	208	ROVERUDS GATE 11, OSLO, NORWAY	Sagene	KOMMUNALE BOLIGER	Boligbygg Oslo KF		624.0	59.93826619999999	10.7758059
Bygg	0301-224/218/0/0	224	218	HAARKLOUS PLASS 11A, OSLO, NORWAY	Sagene	KOMMUNALE BOLIGER	Boligbygg Oslo KF		1120.0	59.93681909999999	10.7755422
Bygg	0301-224/219/0/0	224	219	HAARKLOUS PLASS 13A, OSLO, NORWAY	Sagene	KOMMUNALE BOLIGER	Boligbygg Oslo KF		1350.0	59.93661939999999	10.7757648
Bygg	0301-224/252/0/0	224	252	KYRRE GREPPS GATE 29, OSLO, NORWAY	Sagene	KOMMUNALE BOLIGER	Boligbygg Oslo KF		800.0	59.9366277	10.7749037
Bygg	0301-224/264/0/0	224	264	LAMMERS` GATE 3, OSLO, NORWAY	Sagene	KOMMUNALE BOLIGER	Boligbygg Oslo KF		597.0	59.93740630000001	10.7725467
Bygg	0301-224/264/0/0	224	264	LAMMERS` GATE 5, OSLO, NORWAY	Sagene	KOMMUNALE BOLIGER	Boligbygg Oslo KF		609.0	59.9373438	10.7728414
Bygg	0301-224/264/0/0	224	264	LAMMERS` GATE 7, OSLO, NORWAY	Sagene	KOMMUNALE BOLIGER	Boligbygg Oslo KF		462.0	59.9373166	10.7731136
Bygg	0301-224/264/0/0	224	264	LAMMERS` GATE 9, OSLO, NORWAY	Sagene	KOMMUNALE BOLIGER	Boligbygg Oslo KF		732.0	59.9372625	10.7733893
Bygg	0301-224/289/0/0	224	289	NORDKAPPGATA 7, OSLO, NORWAY	Sagene	KOMMUNALE BOLIGER	Boligbygg Oslo KF		860.0	59.9367603	10.7731487
Bygg	0301-224/289/0/0	224	289	NORDKAPPGATA 9, OSLO, NORWAY	Sagene	KOMMUNALE BOLIGER	Boligbygg Oslo KF		860.0	59.93658	10.7731359
Bygg	0301-224/295/0/0	224	295	NORDKAPPGATA 13, OSLO, NORWAY	Sagene	KOMMUNALE BOLIGER	Boligbygg Oslo KF		468.0	59.93620789999999	10.7733087
Bygg	0301-224/295/0/0	224	295	NORDKAPPGATA 15, OSLO, NORWAY	Sagene	KOMMUNALE BOLIGER	Boligbygg Oslo KF		468.0	59.9360848	10.7733961
Bygg	0301-224/295/0/0	224	295	NORDKAPPGATA 17, OSLO, NORWAY	Sagene	KOMMUNALE BOLIGER	Boligbygg Oslo KF		468.0	59.9359903	10.7735335
Bygg	0301-224/295/0/0	224	295	NORDKAPPGATA 19, OSLO, NORWAY	Sagene	KOMMUNALE BOLIGER	Boligbygg Oslo KF		474.0	59.93591430000001	10.7736866
Bygg	0301-224/297/0/0	224	297	HAARKLOUS PLASS 3, OSLO, NORWAY	Sagene	KOMMUNALE BOLIGER	Boligbygg Oslo KF		618.0	59.9373971	10.774501
Bygg	0301-224/297/0/0	224	297	HAARKLOUS PLASS 5, OSLO, NORWAY	Sagene	KOMMUNALE BOLIGER	Boligbygg Oslo KF		618.0	59.9372881	10.774748
Bygg	0301-224/297/0/0	224	297	HAARKLOUS PLASS 7, OSLO, NORWAY	Sagene	KOMMUNALE BOLIGER	Boligbygg Oslo KF		852.0	59.9371988	10.775046
Bygg	0301-224/297/0/0	224	297	KYRRE GREPPS GATE 30, OSLO, NORWAY	Sagene	KOMMUNALE BOLIGER	Boligbygg Oslo KF		612.0	59.9369507	10.7748805
Bygg	0301-224/297/0/0	224	297	KYRRE GREPPS GATE 32, OSLO, NORWAY	Sagene	KOMMUNALE BOLIGER	Boligbygg Oslo KF		612.0	59.93682020000001	10.7747359
Bygg	0301-224/297/0/0	224	297	KYRRE GREPPS GATE 34, OSLO, NORWAY	Sagene	KOMMUNALE BOLIGER	Boligbygg Oslo KF		612.0	59.9366874	10.7745197
Bygg	0301-224/297/0/0	224	297	KYRRE GREPPS GATE 36, OSLO, NORWAY	Sagene	KOMMUNALE BOLIGER	Boligbygg Oslo KF		612.0	59.9365384	10.7743596
Bygg	0301-224/297/0/0	224	297	KYRRE GREPPS GATE 38, OSLO, NORWAY	Sagene	KOMMUNALE BOLIGER	Boligbygg Oslo KF		465.0	59.9364067	10.7741794
Bygg	0301-224/297/0/0	224	297	KYRRE GREPPS GATE 40, OSLO, NORWAY	Sagene	KOMMUNALE BOLIGER	Boligbygg Oslo KF		474.0	59.9363354	10.7739196
Bygg	0301-224/297/0/0	224	297	NORDKAPPGATA 12, OSLO, NORWAY	Sagene	KOMMUNALE BOLIGER	Boligbygg Oslo KF		567.0	59.9373721	10.7740024
Bygg	0301-224/297/0/0	224	297	NORDKAPPGATA 14, OSLO, NORWAY	Sagene	KOMMUNALE BOLIGER	Boligbygg Oslo KF		612.0	59.9372164	10.7739148
Bygg	0301-224/297/0/0	224	297	NORDKAPPGATA 16, OSLO, NORWAY	Sagene	KOMMUNALE BOLIGER	Boligbygg Oslo KF		612.0	59.9370602	10.7738092
Bygg	0301-224/297/0/0	224	297	NORDKAPPGATA 18, OSLO, NORWAY	Sagene	KOMMUNALE BOLIGER	Boligbygg Oslo KF		612.0	59.93692359999999	10.773755
Bygg	0301-224/297/0/0	224	297	NORDKAPPGATA 20, OSLO, NORWAY	Sagene	KOMMUNALE BOLIGER	Boligbygg Oslo KF		597.0	59.9367315	10.7736542
Bygg	0301-224/297/0/0	224	297	NORDKAPPGATA 22, OSLO, NORWAY	Sagene	KOMMUNALE BOLIGER	Boligbygg Oslo KF		588.0	59.9365608	10.7736579
Bygg	0301-224/297/0/0	224	297	NORDKAPPGATA 24, OSLO, NORWAY	Sagene	KOMMUNALE BOLIGER	Boligbygg Oslo KF		465.0	59.9364109	10.7737488
Bygg	0301-224/365/0/0	224	365	SANDAKERVEIEN 58B, OSLO, NORWAY	Sagene	KOMMUNALE BOLIGER	Boligbygg Oslo KF		1908.0	59.9389097	10.7683601
Bygg	0301-224/365/0/0	224	365	SANDAKERVEIEN 58D, OSLO, NORWAY	Sagene	OPPGANG D MED BRANNTÅRNET	Boligbygg Oslo KF		880.0	59.9389225	10.7679631
Bygg	0301-225/176/0/0	225	176	HANS BARLIENS GATE 2A, OSLO, NORWAY	Grünerløkka	KOMMUNALE BOLIGER	Boligbygg Oslo KF		3187.0	59.9298699	10.765786
Bygg	0301-225/41/0/0	225	41	CHRISTIAN MICHELSENS GATE 57A, OSLO, NORWAY	Sagene	KOMMUNALE BOLIGER	Boligbygg Oslo KF		2396.0	59.9300587	10.7688611
Bygg	0301-225/42/0/0	225	42	CHRISTIAN MICHELSENS GATE 59A, OSLO, NORWAY	Sagene	KOMMUNALE BOLIGER	Boligbygg Oslo KF		2112.0	59.93018799999999	10.7681281
Bygg	0301-225/43/0/0	225	43	CHRISTIAN MICHELSENS GATE 60A, OSLO, NORWAY	Grünerløkka	KOMMUNALE BOLIGER	Boligbygg Oslo KF		4484.0	59.92976299999999	10.7672149
Bygg	0301-225/44/0/0	225	44	CHRISTIAN MICHELSENS GATE 61A, OSLO, NORWAY	Sagene	KOMMUNALE BOLIGER	Boligbygg Oslo KF		2116.0	59.93027189999999	10.7678783
Bygg	0301-225/46/0/0	225	46	CHRISTIES GATE 23A, OSLO, NORWAY	Grünerløkka	KOMMUNALE BOLIGER	Boligbygg Oslo KF		3533.0	59.9304855	10.7656357
Bygg	0301-225/74/0/0	225	74	DÆLENENGGATA 41A, OSLO, NORWAY	Grünerløkka	KOMMUNALE BOLIGER	Boligbygg Oslo KF		2963.0	59.92930610000001	10.7669865
Bygg	0301-226/36/0/0	226	36	MAILUNDVEIEN 21A, OSLO, NORWAY	Grünerløkka	KOMMUNALE BOLIGER	Boligbygg Oslo KF		3112.0	59.9322971	10.7772469
Bygg	0301-227/116/0/0	227	116	DÆLENENGGATA 37A, OSLO, NORWAY	Grünerløkka	KOMMUNALE BOLIGER	Boligbygg Oslo KF		4885.0	59.9284365	10.7687456
Bygg	0301-227/118/0/0	227	118	DÆLENENGGATA 39B, OSLO, NORWAY	Grünerløkka	KOMMUNALE BOLIGER	Boligbygg Oslo KF		4255.0	59.92902770000001	10.7681148
Bygg	0301-227/262/0/0	227	262	KØBENHAVNGATA 23A, OSLO, NORWAY	Grünerløkka	KOMMUNALE BOLIGER	Boligbygg Oslo KF		1505.0	59.9283152	10.7695932
Bygg	0301-227/347/0/0	227	347	SCHLEPPEGRELLS GATE 30A, OSLO, NORWAY	Grünerløkka	KOMMUNALE BOLIGER	Boligbygg Oslo KF		3450.0	59.92737049999999	10.7641165
Bygg	0301-227/392/0/0	227	395	STOCKHOLMGATA 26A, OSLO, NORWAY	Grünerløkka	KOMMUNALE BOLIGER	Boligbygg Oslo KF		948.0	59.92804090000001	10.7704263
Bygg	0301-227/53/0/0	227	53	CHRISTIAN MICHELSENS GATE 42A, OSLO, NORWAY	Grünerløkka	KOMMUNALE BOLIGER	Boligbygg Oslo KF		3316.0	59.9281985	10.7708539
Bygg	0301-228/10/0/0	228	10	CONRADIS GATE 2A, OSLO, NORWAY	Grünerløkka	Kommunale boliger	Boligbygg Oslo KF		1552.0	59.92112760000001	10.7645913
Bygg	0301-228/115/0/0	228	10	KIRKEGÅRDSGATA 7    A, OSLO, NORWAY	Grünerløkka	KOMMUNALE BOLIGER	Boligbygg Oslo KF		1436.0	59.9212891	10.7637922
Bygg	0301-228/281/0/0	228	281	RATHKES GATE 13A, OSLO, NORWAY	Grünerløkka	BOLIGUTLEIE	Boligbygg Oslo KF		1834.0	59.9213392	10.7652986
Bygg	0301-228/610/0/0	228	610	SOFIENBERGGATA 7A, OSLO, NORWAY	Grünerløkka	KOMMUNALE BOLIGER	Boligbygg Oslo KF		1775.0	59.92206700000001	10.7566264
Bygg	0301-228/610/0/0	228	610	SOFIENBERGGATA 7D, OSLO, NORWAY	Grünerløkka	KOMMUNALE BOLIGER	Boligbygg Oslo KF		4624.0	59.9214682	10.7567389
Bygg	0301-228/610/0/0	228	610	SOFIENBERGGATA 7C, OSLO, NORWAY	Grünerløkka	KOMMUNALE BOLIGER	Boligbygg Oslo KF		3156.0	59.92163840000001	10.7567171
Bygg	0301-228/610/0/0	228	610	SOFIENBERGGATA 7E, OSLO, NORWAY	Grünerløkka	KOMMUNALE BOLIGER	Boligbygg Oslo KF		2960.0	59.9212498	10.7566594
Bygg	0301-228/617/0/0	228	617	SOFIENBERGGATA 7B, OSLO, NORWAY	Grünerløkka	GRÜNERLØKKA TRYGDEBOLIG	Boligbygg Oslo KF		2630.0	59.92187999999999	10.756603
Bygg	0301-229/129/0/0	229	129	SCHÜBELERS GATE 2A, OSLO, NORWAY	Gamle Oslo	KOMMUNALE BOLIGER	Boligbygg Oslo KF		3283.0	59.915324	10.7714561
Bygg	0301-229/134/0/0	229	134	SEXES GATE 4A, OSLO, NORWAY	Gamle Oslo	KOMMUNALE BOLIGER	Boligbygg Oslo KF		2313.0	59.91489029999999	10.7716725
Bygg	0301-229/205/0/0	229	205	TØYENGATA 47G, OSLO, NORWAY	Gamle Oslo	KOMMUNALE BOLIGER	Boligbygg Oslo KF		1516.0	59.9162373	10.7727365
Bygg	0301-229/205/0/0	229	205	TØYENGATA 47A, OSLO, NORWAY	Gamle Oslo	KOMMUNALE BOLIGER	Boligbygg Oslo KF		2930.0	59.9159105	10.7720798
Bygg	0301-229/86/0/0	229	86	FINNMARKGATA 3, OSLO, NORWAY	Grünerløkka	KOMMUNALE BOLIGER	Boligbygg Oslo KF		118.0	59.92600359999999	10.7760167
Bygg	0301-230/124/0/0	230	124	HEIMDALSGATA 33A, OSLO, NORWAY	Gamle Oslo	KOMMUNALE BOLIGER	Boligbygg Oslo KF		1725.0	59.9145248	10.7664545
Bygg	0301-230/251/0/0	230	251	NORBYGATA 62A, OSLO, NORWAY	Gamle Oslo	KOMMUNALE BOLIGER	Boligbygg Oslo KF		992.0	59.9127417	10.7660911
Bygg	0301-230/349/0/0	230	349	TØYENGATA 21   A, OSLO, NORWAY	Gamle Oslo	KOMMUNALE BOLIGER	Boligbygg Oslo KF		1684.0	59.9137909	10.7671212
Bygg	0301-230/436/0/0	230	436	URTEGATA 6A, OSLO, NORWAY	Gamle Oslo	Kommunale boliger	Boligbygg Oslo KF		6066.0	59.9154676	10.7638989
Bygg	0301-231/19/0/0	231	19	ÅKEBERGVEIEN 50A, OSLO, NORWAY	Gamle Oslo	KOMMUNALE BOLIGER	Boligbygg Oslo KF		6530.0	59.909819	10.7769914
Bygg	0301-231/249/0/0	231	249	KJØLBERGGATA 9A, OSLO, NORWAY	Gamle Oslo	Kommunale boliger	Boligbygg Oslo KF		1868.0	59.9102601	10.7778484
Bygg	0301-231/269/0/0	231	269	KOLSTADGATA 7, OSLO, NORWAY	Gamle Oslo	KOMMUNALE BOLIGER	Boligbygg Oslo KF		6614.0	59.91380220000001	10.7736282
Bygg	0301-231/30/0/0	231	30	BRINKEN 2C, OSLO, NORWAY	Gamle Oslo	KOMMUNALE BOLIGER	Boligbygg Oslo KF		6751.0	59.9096608	10.7787679
Bygg	0301-231/331/0/0	231	331	NORDERHOVGATA 34A, OSLO, NORWAY	Gamle Oslo	KOMMUNALE BOLIGER FORBYGN	Boligbygg Oslo KF		512.0	59.9141449	10.7789838
Bygg	0301-231/331/0/0	231	331	NORDERHOVGATA 34B, OSLO, NORWAY	Gamle Oslo	KOMMUNALE BOLIGER BAKBYGN	Boligbygg Oslo KF		1038.0	59.9141329	10.7786093
Bygg	0301-232/146/0/0	232	146	DALEHAUGEN 1A, OSLO, NORWAY	Gamle Oslo	KOMMUNALE BOLIGER	Boligbygg Oslo KF		8505.0	59.9068949	10.7802993
Bygg	0301-232/248/0/0	232	248	SCHWEIGAARDS GATE 98A, OSLO, NORWAY	Gamle Oslo	KOMMUNALE BOLIGER	Boligbygg Oslo KF		7905.0	59.90662380000001	10.7791344
Bygg	0301-232/361/0/0	232	361	VÅLERENGGATA 24B, OSLO, NORWAY	Gamle Oslo	KOMMUNALE BOLIGER	Boligbygg Oslo KF		522.0	59.9082638	10.786821
Bygg	0301-232/361/0/0	232	361	VÅLERENGGATA 24A, OSLO, NORWAY	Gamle Oslo	KOMMUNALE BOLIGER	Boligbygg Oslo KF		266.0	59.9082501	10.7863931
Bygg	0301-233/310/0/0	233	310	OSLO GATE 21A, OSLO, NORWAY	Gamle Oslo	KOMMUNALE BOLIGER	Boligbygg Oslo KF		2129.0	59.9050443	10.7669116
